,Best Score,Best Parameters
iter,0.908745247148289,740.0
learning_rate,0.908745247148289,0.051000000000000004
